plantdoc_class,agrishield_class
Apple leaf,Apple___healthy
Apple rust leaf,Apple___Cedar_apple_rust
Apple Scab Leaf,Apple___Apple_scab
Bell_pepper leaf,Pepper,_bell___healthy
Bell_pepper leaf spot,Pepper,_bell___Bacterial_spot
Blueberry leaf,Blueberry___healthy
Cherry leaf,Cherry_(including_sour)___healthy
Corn Gray leaf spot,Corn_(maize)___Cercospora_leaf_spot Gray_leaf_spot
Corn leaf blight,Corn_(maize)___Northern_Leaf_Blight
Corn rust leaf,Corn_(maize)___Common_rust_
grape leaf,Grape___healthy
grape leaf black rot,Grape___Black_rot
Peach leaf,Peach___healthy
Potato leaf early blight,Potato___Early_blight
Potato leaf late blight,Potato___Late_blight
Raspberry leaf,Raspberry___healthy
Soybean leaf,Soybean___healthy
Squash Powdery mildew leaf,Squash___Powdery_mildew
Strawberry leaf,Strawberry___healthy
Tomato Early blight leaf,Tomato___Early_blight
Tomato leaf,Tomato___healthy
Tomato leaf bacterial spot,Tomato___Bacterial_spot
Tomato leaf late blight,Tomato___Late_blight
Tomato leaf mosaic virus,Tomato___Tomato_mosaic_virus
Tomato leaf yellow virus,Tomato___Tomato_Yellow_Leaf_Curl_Virus
Tomato mold leaf,Tomato___Leaf_Mold
Tomato Septoria leaf spot,Tomato___Septoria_leaf_spot
Tomato two spotted spider mites leaf,Tomato___Spider_mites Two-spotted_spider_mite
Soyabean leaf,Soybean___healthy